lead_id,created_at,updated_at,nome,telefone,wa_link,etapa,motivo_etapa,origem,fonte_url,demo_url,whatsapp_status,regiao,vulnerabilidade,site_status,abordagem_status,script_stage,last_outbound_at,last_inbound_at,outbound_count,followup_count,next_followup_at,cadence_level,last_message_id,needs_human,persona,notes,valor,closed_at
ps_b8c8a04fc8,2026-09-25T15:00:13.881494+00:00,2026-09-26T12:26:52+00:00,Bruna Paiva,+5521997318227,https://wa.me/5521997318227,enviado,primeira abordagem enviada,prospects.csv/importado,https://www.instagram.com/brunasouzapaiva/,,telefone público,Niterói RJ,"presença concentrada no Instagram; falta página própria para organizar serviços, confiança e CTA direto",não apareceu site próprio nos resultados verificados; apenas Instagram/perfil público,primeira_mensagem_enviada_verificada,1,2026-09-25T15:00:13.881494+00:00,,1,0,,0,3EB0D452AA3D71DE562FEA,false,Mayara,,,
ps_d55b10a170,2026-09-25T20:32:38+00:00,2026-09-26T12:26:52+00:00,MAGIKARF / Garage 5.000,+5521970285382,https://wa.me/5521970285382,enviado,primeira abordagem enviada,prospects.csv/importado,https://automoveisportalbrasil.com.br/rio-de-janeiro/rj/estetica-automotiva/magikarf/73709,https://hlreboques-oss.github.io/projeto-sites-demos/magikarf-garage-5000/,WhatsApp explícito,"Barra da Tijuca, Rio de Janeiro RJ","presença pública sem página própria clara para organizar serviços, localização e CTA",não apareceu site profissional próprio nos resultados verificados; há presença em guia/shopping e Instagram,primeira_mensagem_enviada_verificada,1,2026-09-25T20:32:38+00:00,,1,0,,0,3EB054FBE530E9449C2FFE,false,Mayara,,,
ps_fcfa262171,2026-09-25T20:32:38+00:00,2026-09-26T12:26:52+00:00,Martelinho de Ouro Duque,+5521979004275,https://wa.me/5521979004275,enviado,primeira abordagem enviada,prospects.csv/importado,https://automoveisportalbrasil.com.br/duque-de-caxias/rj/estetica-automotiva-martelinho-de-ouro/martelinho-de-ouro-duque/73932,https://hlreboques-oss.github.io/projeto-sites-demos/martelinho-de-ouro-duque/,WhatsApp explícito,"Duque de Caxias, RJ",presença concentrada em diretórios/redes; falta página própria com explicação e CTA,não apareceu site profissional próprio nos resultados verificados; presença pública em guia Facebook e Instagram,primeira_mensagem_enviada_verificada,1,2026-09-25T20:32:38+00:00,,1,0,,0,3EB08008828230A13B9B2F,false,Mayara,,,
ps_02bf9d8dc8,2026-09-26T12:26:52+00:00,2026-09-26T12:26:52+00:00,Auto Parts Rio Serviço Automotivo,+5521991031157,https://wa.me/5521991031157,desativado,número inválido/sem WhatsApp na rota verificada,prospects.csv/importado,https://portalmaconariabrasil.com.br/rio-de-janeiro/rj/funilaria-e-pintura/auto-parts-rio-servico-automotivo/73626,https://hlreboques-oss.github.io/projeto-sites-demos/auto-parts-rio-servico-automotivo/,WhatsApp explícito,"Vila Isabel, Rio de Janeiro RJ","telefone público listado como WhatsApp, mas número não existe no WhatsApp da rota verificada",não apareceu site profissional próprio nos resultados verificados; diretórios mostram telefone/Instagram,falha_envio_numero_nao_existe,,,,0,0,,0,,false,Mayara,,,
ps_197bb35a71,2026-09-25T20:32:38+00:00,2026-09-26T12:26:52+00:00,Milano Estética Automotiva,+552****1347,https://wa.me/5521990511347,enviado,primeira abordagem enviada,prospects.csv/importado,https://automoveisportalbrasil.com.br/rio-de-janeiro/rj/estetica-automotiva/milano-estetica-automotiva/72473,https://hlreboques-oss.github.io/projeto-sites-demos/milano-estetica-automotiva/,WhatsApp explícito,"Campo Grande, Rio de Janeiro RJ","presença concentrada em diretórios/redes; falta página própria com localização, serviços e CTA",não apareceu site profissional próprio nos resultados verificados; presença pública em guia Facebook e Instagram,primeira_mensagem_enviada_verificada,1,2026-09-25T20:32:38+00:00,,1,0,,0,3EB0255BA10BCCECCAEDB4,false,Mayara,,,
ps_9a9999b8d9,2026-09-25T21:08:00+00:00,2026-09-26T12:26:52+00:00,Truck Bem,+552****5672,https://wa.me/5521993875672,enviado,primeira abordagem enviada,prospects.csv/importado,https://automoveisportalbrasil.com.br/rio-de-janeiro/rj/funilaria-e-pintura/truck-bem/73052,https://hlreboques-oss.github.io/projeto-sites-demos/truck-bem/,WhatsApp explícito,"Campo Grande, Rio de Janeiro RJ","presença em guia e Instagram, sem página própria clara para explicar serviços, localização e contato",não apareceu site profissional próprio nos resultados verificados; presença pública em guia e Instagram,primeira_mensagem_enviada_verificada,1,2026-09-25T21:08:00+00:00,,1,0,,0,3EB055CDC237819FF6F41E,false,Mayara,,,
ps_b3528c95bb,2026-09-25T21:08:00+00:00,2026-09-26T12:26:52+00:00,Auto Pasqualle,+552****5854,https://wa.me/5521975475854,enviado,primeira abordagem enviada,prospects.csv/importado,https://automoveisportalbrasil.com.br/rio-de-janeiro/rj/funilaria-e-pintura/auto-pasqualle/73699,https://hlreboques-oss.github.io/projeto-sites-demos/auto-pasqualle/,WhatsApp explícito,"Recreio, Rio de Janeiro RJ","telefone e rede social aparecem em diretório, mas não apareceu site profissional próprio vinculado",não apareceu site profissional próprio nos resultados verificados; diretório mostra telefone e Facebook,primeira_mensagem_enviada_verificada,1,2026-09-25T21:08:00+00:00,,1,0,,0,3EB07CDE5671F765388018,false,Mayara,,,
ps_83d726b9f2,2026-09-25T21:08:00+00:00,2026-09-26T12:26:52+00:00,Express Serviços Automotivos,+552****9430,https://wa.me/5521979909430,enviado,primeira abordagem enviada,prospects.csv/importado,https://automoveisportalbrasil.com.br/rio-de-janeiro/rj/funilaria-e-pintura/express-servicos-automotivos/74575,https://hlreboques-oss.github.io/projeto-sites-demos/express-servicos-automotivos/,WhatsApp explícito,"Taquara, Rio de Janeiro RJ","vários contatos listados em guia, mas sem site profissional evidente centralizando informações",não apareceu site profissional próprio nos resultados verificados; diretório lista contatos mas não site,primeira_mensagem_enviada_verificada,1,2026-09-25T21:08:00+00:00,,1,0,,0,3EB09329FF6883706701B9,false,Mayara,,,
ps_be2079739e,2026-09-26T11:08:00+00:00,2026-09-26T12:55:00+00:00,MR Car Serviços Automotivos,+552****3090,https://wa.me/5521983543090,qualificando,respondeu ao opener; demo apresentada,prospects.csv/importado,https://automoveisportalbrasil.com.br/rio-de-janeiro/rj/mecanica/rivaldo-soares-de-lima-15779087750/72585,https://hlreboques-oss.github.io/projeto-sites-demos/mr-car-servicos-automotivos/,WhatsApp explícito,"Rua Irmã Maria Maurita, 144 - Guaratiba - Rio de Janeiro, RJ - 23035-090","presença em diretório e redes, sem página própria clara para explicar serviços, localização e CTA",não apareceu site profissional próprio nos resultados verificados; presença pública em diretório Instagram e Facebook,demo_apresentada_apos_resposta,4,2026-09-26T12:55:01+00:00,2026-09-26T11:07:55+00:00,2,0,,0,3EB0CBBCD0418BAD368439,false,Mayara,,,
ps_d13c854525,2026-09-26T11:08:00+00:00,2026-09-26T12:55:01+00:00,NR Auto Diag,+552****5816,https://wa.me/5521964945816,qualificando,respondeu ao opener; demo apresentada,prospects.csv/importado,https://automoveisportalbrasil.com.br/rio-de-janeiro/rj/mecanica/nr-auto-diag/73410,https://hlreboques-oss.github.io/projeto-sites-demos/nr-auto-diag/,WhatsApp explícito,"Rua Carolina Amado, 1308 - Irajá - Rio de Janeiro, RJ - 21361-320","telefones e redes aparecem em diretório, mas não apareceu site profissional próprio centralizando o atendimento",não apareceu site profissional próprio nos resultados verificados; presença pública em diretório Instagram e Facebook,demo_apresentada_apos_resposta,4,2026-09-26T12:55:01+00:00,2026-09-26T11:07:58+00:00,2,0,,0,3EB01663AF828F7A73DA3F,false,Mayara,,,
ps_c73f96338b,2026-09-26T11:08:00+00:00,2026-09-26T12:53:29+00:00,Retífica de Caixa de Marcha Shekinah,+552****2618,https://wa.me/5521969432618,qualificando,respondeu ao opener; demo apresentada,prospects.csv/importado,https://automoveisportalbrasil.com.br/rio-de-janeiro/rj/mecanica/retifica-de-caixa-de-marcha-shekinah/74426,https://hlreboques-oss.github.io/projeto-sites-demos/retifica-caixa-marcha-shekinah/,WhatsApp explícito,"Rua Conselheiro Galvão, 536 - Turiaçu - Rio de Janeiro, RJ - 21540-000","presença pública em diretório/redes, sem site próprio evidente para apresentar especialidade e facilitar orçamento",não apareceu site profissional próprio nos resultados verificados; presença pública em diretório Instagram e Facebook,demo_apresentada_apos_resposta,4,2026-09-26T12:53:29+00:00,2026-09-26T11:13:35+00:00,2,0,,0,3EB0D4BE0D7FCBCBBA853C,false,Mayara,,,
ps_f8923a4117,2026-09-26T12:07:29+00:00,2026-09-26T12:26:52+00:00,CLF Brasil Martelinho de Ouro,+5521984027479,https://wa.me/5521984027479,enviado,primeira abordagem enviada,prospects.csv/importado,https://automoveisportalbrasil.com.br/rio-de-janeiro/rj/mecanica-em-geral/martelinho-de-ouro-2/72558,https://hlreboques-oss.github.io/projeto-sites-demos/clf-brasil-martelinho-de-ouro/,WhatsApp explícito,"Rua Real Grandeza, 10 - Loja - Esquina com São Clemente - Botafogo - Rio de Janeiro, RJ - 22281-034","presença em guia com WhatsApp, mas sem página própria clara para explicar martelinho de ouro, localização e orçamento",não apareceu site profissional próprio nos resultados verificados; presença pública em diretório,primeira_mensagem_enviada_verificada,1,2026-09-26T12:07:29+00:00,,1,0,,0,3EB011F270F566E7D2060D,false,Mayara,,,
ps_14a917846f,2026-09-26T12:07:29+00:00,2026-09-26T12:26:52+00:00,Novo Local Reparo Automotivo,+5521997978039,https://wa.me/5521997978039,enviado,primeira abordagem enviada,prospects.csv/importado,https://automoveisportalbrasil.com.br/rio-de-janeiro/rj/martelinho-de-ouro/novo-local-reparo-automotivo/74218,https://hlreboques-oss.github.io/projeto-sites-demos/novo-local-reparo-automotivo/,WhatsApp explícito,"Avenida Dom Hélder Câmara, 6512 - C - em frente a Toyota Rio Zem - Pilares - Rio de Janeiro, RJ - 20771-005","presença local forte em mapas/diretórios, mas sem site próprio para apresentar reparo, horários e captação de orçamento",não apareceu site profissional próprio nos resultados verificados; presença em diretórios e Waze,primeira_mensagem_enviada_verificada,1,2026-09-26T12:07:29+00:00,,1,0,,0,3EB05360EA28642EF75D9A,false,Mayara,,,
ps_44ee2cbc02,2026-09-26T12:07:29+00:00,2026-09-26T12:53:29+00:00,Vinficar Auto Center,+5521964492101,https://wa.me/5521964492101,desativado,empresa fechada/parada informada pelo contato,prospects.csv/importado,https://automoveisportalbrasil.com.br/rio-de-janeiro/rj/martelinho-de-ouro/vinficar-auto-center/73829,https://hlreboques-oss.github.io/projeto-sites-demos/vinficar-auto-center/,WhatsApp explícito,"Rua Jaime Perdigão, 467 - Ilha do Governador - Rio de Janeiro, RJ - 21920-240","presença pública com redes e blog antigo, mas sem página moderna central para martelinho, ar-condicionado/auto center e orçamento",existe referência a blog antigo; não apareceu site profissional moderno vinculado,resposta_recebida_desativado,,2026-09-26T12:07:29+00:00,2026-09-26T12:08:18+00:00,1,0,,0,3EB087153D405946B69667,false,Mayara,"Resposta: A vinficar está paralisada.
Obrigado!",,
ps_cffd1c359e,2026-09-26T13:08:54+00:00,2026-09-26T13:32:08+00:00,Oficina do Freitas,+552****5544,https://wa.me/5521964885544,qualificando,resposta recebida sem intenção comercial clara; aguardando revisão/novo contexto,agent-reach/Exa+Jina/Portal Automóveis,https://automoveisportalbrasil.com.br/rio-de-janeiro/rj/mecanica-gnv/oficina-do-freitas/73866,https://hlreboques-oss.github.io/projeto-sites-demos/oficina-do-freitas/,WhatsApp explícito,"Avenida São Félix, 720 - Vista Alegre - Rio de Janeiro, RJ - 21235-610","presença pública em guia e Instagram, mas sem site próprio claro para explicar GNV, localização e orçamento",não apareceu site profissional próprio nos resultados verificados; presença pública em diretório e Instagram,resposta_monitorada_sem_envio,4,2026-09-26T13:13:10+00:00,2026-09-26T13:08:07+00:00,2,0,,0,3EB01A3B39C0C8DF0CD22F,false,Mayara,,,
ps_0d7ae0685d,2026-09-26T13:08:54+00:00,2026-09-26T13:08:54+00:00,Auto Center Parada Legal,+552****3340,https://wa.me/5521976223340,enviado,primeira abordagem enviada,agent-reach/Exa+Jina/Portal Automóveis,https://automoveisportalbrasil.com.br/rio-de-janeiro/rj/auto-center-1/auto-center-parada-legal/72561,https://hlreboques-oss.github.io/projeto-sites-demos/auto-center-parada-legal/,WhatsApp explícito,"Rua Barcelos Domingos, 200 - Loja B e C - Campo Grande - Rio de Janeiro, RJ - 23080-020","presença em guia e redes, mas sem site próprio evidente para organizar serviços, endereço e CTA de orçamento","não apareceu site profissional próprio nos resultados verificados; presença pública em diretório, Facebook e Instagram",primeira_mensagem_enviada_verificada,1,2026-09-26T13:08:54+00:00,,1,0,,0,3EB0E20AD1C9F83AF4E022,false,Mayara,,,
ps_99f1bfcb9b,2026-09-26T13:08:54+00:00,2026-09-26T13:32:08+00:00,Retestilha Centro Automotivo,+552****0102,https://wa.me/5521982360102,qualificando,resposta recebida sem intenção comercial clara; aguardando revisão/novo contexto,agent-reach/Exa+Jina/Portal Automóveis,https://automoveisportalbrasil.com.br/rio-de-janeiro/rj/gnv-reteste/retestilha-centro-automotivo/73931,https://hlreboques-oss.github.io/projeto-sites-demos/retestilha-centro-automotivo/,WhatsApp explícito,"Rua Domingos Mondim, 139 - Ilha do Governador - Rio de Janeiro, RJ - 21920-060","presença em diretório e Instagram, mas sem página própria clara para reteste GNV, localização e WhatsApp",não apareceu site profissional próprio nos resultados verificados; presença pública em diretório e Instagram,resposta_monitorada_sem_envio,4,2026-09-26T13:13:13+00:00,2026-09-26T13:09:32+00:00,2,0,,0,3EB004C3D23ABD9E601CE4,false,Mayara,,,
ps_e2abd7b71b,2026-09-26T14:10:32+00:00,2026-09-26T14:10:32+00:00,FM Sound Som e Acessórios,+552****2956,https://wa.me/5521970232956,enviado,primeira abordagem enviada,agent-reach/Exa+Jina/Portal Automóveis,https://automoveisportalbrasil.com.br/rio-de-janeiro/rj/insulfilm-som-e-acessorios-estetica-automotiva/fm-sound-som-e-acessorios/73128,https://hlreboques-oss.github.io/projeto-sites-demos/fm-sound-som-e-acessorios/,WhatsApp explícito,"Estrada Rodrigues Caldas, 700 - Taquara - Rio de Janeiro, RJ - 22713-373","presença em guia e Instagram, mas sem site próprio claro para apresentar serviços, localização e CTA de orçamento",não apareceu site profissional próprio nos resultados verificados; presença pública em diretório e Instagram,primeira_mensagem_enviada_verificada,1,2026-09-26T14:10:32+00:00,,1,0,,0,3EB0DDFB907DA38A50316C,false,Mayara,,,
ps_ca45d35a54,2026-09-26T14:10:32+00:00,2026-09-26T15:48:43+00:00,Auto Elétrico J & D,+552****5456,https://wa.me/5521964985456,desativado,contato informou que a empresa (J&D) não existe mais,agent-reach/Exa+Jina/Portal Automóveis,https://automoveisportalbrasil.com.br/rio-de-janeiro/rj/auto-eletrica/auto-eletrico-j-e-d/73302,https://hlreboques-oss.github.io/projeto-sites-demos/auto-eletrico-j-d/,WhatsApp explícito,"Avenida dos Mananciais, 1798 - Lj. B - Taquara - Rio de Janeiro, RJ - 22720-410","telefones e Instagram aparecem em diretório, mas sem página própria clara para explicar auto elétrica, endereço e contato",não apareceu site profissional próprio nos resultados verificados; presença pública em diretório e Instagram,resposta_recebida_desativado,,2026-09-26T14:10:32+00:00,2026-09-26T15:29:14+00:00,1,0,,0,3EB0101B4066E0F59CD184,false,Mayara,"Respostas: ""Não meu irmão isso e só com meu filho"" / ""E J&D não existe mais""",,
ps_63db0742dd,2026-09-26T14:10:32+00:00,2026-09-26T14:10:32+00:00,Box Car Oficina Mecânica,+552****1626,https://wa.me/5521995931626,desativado,número inválido/sem WhatsApp na rota verificada,agent-reach/Exa+Jina/Portal Automóveis,https://automoveisportalbrasil.com.br/rio-de-janeiro/rj/mecanica-em-geral/box-car-oficina-mecanica/73117,https://hlreboques-oss.github.io/projeto-sites-demos/box-car-oficina-mecanica/,WhatsApp explícito,"Rua Bom Pastor, 155 - Tijuca - Rio de Janeiro, RJ - 20521-060","presença em diretório com WhatsApp, mas sem site próprio claro para organizar serviços, localização e captação",não apareceu site profissional próprio nos resultados verificados; presença pública em diretório,falha_envio_numero_nao_existe,,,,0,0,,0,,false,Mayara,,,
ps_4a6e81ef60,2026-09-26T14:10:32+00:00,2026-09-26T14:10:32+00:00,Juninho Mecânico,+552****3822,https://wa.me/5521998763822,enviado,primeira abordagem enviada,prospects.csv/importado,https://automoveisportalbrasil.com.br/rio-de-janeiro/rj/mecanica/canellas-auto-center/73230,https://hlreboques-oss.github.io/projeto-sites-demos/juninho-mecanico/,WhatsApp explícito,"Estrada do Engenho Velho, 1851 - Taquara - Rio de Janeiro, RJ - 22723-392","aparece em diretório com WhatsApp, mas sem página própria clara para explicar serviço, bairro e próximos passos",não apareceu site profissional próprio nos resultados verificados; presença pública em diretório,primeira_mensagem_enviada_verificada,1,2026-09-26T14:10:32+00:00,,1,0,,0,3EB05FDD5A5F928A8B6154,false,Mayara,,,
ps_e4a1f2b301,2026-09-26T15:08:20+00:00,2026-09-26T15:08:20+00:00,Adriano Reboque,+552****5699,https://wa.me/5521999945699,enviado,primeira abordagem enviada,agent-reach/Exa/Portal Automóveis,https://automoveisportalbrasil.com.br/clientes-em/rio-de-janeiro/rj/pagina/5,https://hlreboques-oss.github.io/projeto-sites-demos/adriano-reboque/,telefone público,"Rua Getúlio, 374 - Todos os Santos - Rio de Janeiro, RJ",presença concentrada em diretórios de guincho 24h; falta página própria centralizando área de cobertura e WhatsApp,não apareceu site profissional próprio nos resultados verificados; presença em diretórios de guincho,primeira_mensagem_enviada_verificada,1,2026-09-26T15:08:20+00:00,,1,0,,0,3EB0AD6D7B9D7BBC1F04A9,false,Mayara,,,
ps_7c92e6d410,2026-09-26T15:08:20+00:00,2026-09-26T16:08:21+00:00,JM Radiadores,+552****7613,https://wa.me/5521990467613,nao_converteu,resposta negativa após pergunta de curiosidade,agent-reach/Exa/Instagram,https://automoveisportalbrasil.com.br/clientes-em/rio-de-janeiro/rj/pagina/5,https://hlreboques-oss.github.io/projeto-sites-demos/jm-radiadores/,WhatsApp explícito,"Estrada Benvindo de Novaes, 19 - Recreio dos Bandeirantes - Rio de Janeiro, RJ","forte presença de conteúdo em Reels, mas não apareceu site profissional próprio centralizando serviços e WhatsApp",não apareceu site profissional próprio nos resultados verificados; presença forte em Instagram,negativo_sem_envio,3,2026-09-26T15:27:30+00:00,2026-09-26T16:08:21+00:00,2,0,,0,3EB02B85DAA8BBC9102C05,false,Mayara,,,
ps_9f0c3a5b22,2026-09-26T15:08:20+00:00,2026-09-26T15:08:20+00:00,Genesis Capotaria,+552****8434,https://wa.me/5521999388434,desativado,número inválido/sem WhatsApp na rota verificada,agent-reach/Exa/Portal Automóveis,https://automoveisportalbrasil.com.br/clientes-em/rio-de-janeiro/rj/pagina/5,,telefone público,"Rua da Soja, 61 - Mercado São Sebastião - Penha - Rio de Janeiro, RJ",presença pública em diretório e Instagram; ambos telefones testados não existem no WhatsApp da rota verificada,não apareceu site profissional próprio nos resultados verificados; presença em diretório e Instagram,falha_envio_numero_nao_existe,,,,0,0,,0,,false,Mayara,,,
ps_3d5e8f6a13,2026-09-26T15:08:20+00:00,2026-09-26T15:08:20+00:00,Auto Center Rodrigo,+552****8030,https://wa.me/5521964908030,enviado,primeira abordagem enviada,agent-reach/Exa/Portal Automóveis,https://automoveisportalbrasil.com.br/clientes-em/rio-de-janeiro/rj/pagina/5,https://hlreboques-oss.github.io/projeto-sites-demos/auto-center-rodrigo/,WhatsApp explícito,"Estrada dos Bandeirantes, 7026 - Jacarepaguá - Rio de Janeiro, RJ",presença pública em diretório; falta página própria centralizando serviços de estética e WhatsApp,não apareceu site profissional próprio nos resultados verificados; presença pública em diretório,primeira_mensagem_enviada_verificada,1,2026-09-26T15:08:20+00:00,,1,0,,0,3EB0BCD62F436534E95091,false,Mayara,,,
ps_feee96b5b9,2026-09-26T16:06:05+00:00,2026-09-26T16:06:05+00:00,SL Mecânica,+552****8568,https://wa.me/5521964438568,enviado,primeira abordagem enviada,agent-reach/curl/Portal Automóveis,https://automoveisportalbrasil.com.br/rio-de-janeiro/rj/mecanica-geral/sl-mecanica/72564,https://hlreboques-oss.github.io/projeto-sites-demos/sl-mecanica/,WhatsApp explícito,"Rua Comandante Coelho, 80 - Cordovil - Rio de Janeiro, RJ - 21250-510","presença em diretório com WhatsApp, mas sem site profissional próprio centralizando serviços e localização",não apareceu site profissional próprio nos resultados verificados; presença pública em diretório,primeira_mensagem_enviada_verificada,1,2026-09-26T16:06:05+00:00,,1,0,,0,3EB0084B0224A288A90007,false,Mayara,,,
ps_378ccebfd3,2026-09-26T16:06:05+00:00,2026-09-26T16:06:05+00:00,Preto Auto Mecânica,+552****1791,https://wa.me/5521964821791,enviado,primeira abordagem enviada,agent-reach/curl/Portal Automóveis,https://automoveisportalbrasil.com.br/rio-de-janeiro/rj/mecanica/preto-auto-mecanica/72656,https://hlreboques-oss.github.io/projeto-sites-demos/preto-auto-mecanica/,WhatsApp explícito,"Avenida de Santa Cruz, 8274 - Senador Camará - Rio de Janeiro, RJ - 21831-055","presença em diretório com WhatsApp, mas sem site profissional próprio centralizando serviços e localização",não apareceu site profissional próprio nos resultados verificados; presença pública em diretório,primeira_mensagem_enviada_verificada,1,2026-09-26T16:06:05+00:00,,1,0,,0,3EB007B3F8DAEAFCA0E0A2,false,Mayara,,,
ps_25249cc29b,2026-09-26T16:06:05+00:00,2026-09-26T16:06:05+00:00,J.E. Mecânica,+552****4653,https://wa.me/5521964854653,enviado,primeira abordagem enviada,agent-reach/curl/Portal Automóveis,https://automoveisportalbrasil.com.br/rio-de-janeiro/rj/mecanica-automotiva/je-mecanica/74566,https://hlreboques-oss.github.io/projeto-sites-demos/je-mecanica/,WhatsApp explícito,"Rua Ocaibi, 405 - Realengo - Rio de Janeiro, RJ - 21765-570","presença em diretório com WhatsApp, mas sem site profissional próprio centralizando serviços e localização",não apareceu site profissional próprio nos resultados verificados; presença pública em diretório,primeira_mensagem_enviada_verificada,1,2026-09-26T16:06:05+00:00,,1,0,,0,3EB02E7BC0A6262172C561,false,Mayara,,,
ps_4701282f02,2026-09-26T17:07:34+00:00,2026-09-26T17:13:36+00:00,Klinicá Dermatologia e Estética,+5521****1068,https://wa.me/5521967271068,enviado,resposta automática recebida; aguardando humano,agent-reach/Exa+Viralist,https://viralist.ai/instagram/creators/klinicadermatologia,https://hlreboques-oss.github.io/projeto-sites-demos/klinica-dermatologia-estetica/,WhatsApp explícito,"Le Monde, Barra da Tijuca - Rio de Janeiro/RJ","presença pública concentrada em Instagram/Doctoralia/localização; não apareceu site profissional próprio claro centralizando serviços, dúvidas e CTA",não apareceu site profissional próprio claro nos resultados verificados; presença pública em Instagram/bio/WhatsApp,resposta_automatica_aguardando,1,2026-09-26T17:07:34+00:00,2026-09-26T17:13:36+00:00,1,0,,0,3EB0D2DFF2EA53E94A17A8,false,Mayara,,,
ps_ce1208a456,2026-09-26T17:07:36+00:00,2026-09-26T17:13:39+00:00,Vip Aesthetic Barra da Tijuca,+5521****8645,https://wa.me/5521984998645,qualificando,respondeu ao opener (humano genuino); pergunta de curiosidade enviada,agent-reach/Exa+Viralist,https://viralist.ai/instagram/creators/vipaesthetic.barra,https://hlreboques-oss.github.io/projeto-sites-demos/vip-aesthetic-barra/,WhatsApp explícito,Barra da Tijuca - Rio de Janeiro/RJ,"presença pública concentrada em Instagram/WhatsApp; não apareceu site profissional próprio claro para explicar procedimentos, segurança, localização e próximos passos",não apareceu site profissional próprio claro nos resultados verificados; presença pública em Instagram/bio/WhatsApp,pergunta_curiosidade_enviada,3,2026-09-26T17:13:39+00:00,2026-09-26T17:13:39+00:00,2,0,,0,3EB0F228452961A94E9AF9,false,Mayara,,,
ps_9676faf548,2026-09-26T17:07:40+00:00,2026-09-26T17:13:41+00:00,Companhia da Beleza RJ,+5521****4547,https://wa.me/5521981724547,qualificando,respondeu ao opener (humano genuino); pergunta de curiosidade enviada,agent-reach/Exa+Viralist,https://viralist.ai/instagram/creators/companhiadabeleza.rj,https://hlreboques-oss.github.io/projeto-sites-demos/companhia-da-beleza-rj/,WhatsApp explícito,Barra da Tijuca - Rio de Janeiro/RJ,"presença pública em Instagram/bio e WhatsApp; não apareceu site profissional próprio claro organizando serviços, diferenciais, localização e agendamento",não apareceu site profissional próprio claro nos resultados verificados; presença pública em Instagram/bio/WhatsApp,pergunta_curiosidade_enviada,3,2026-09-26T17:13:41+00:00,2026-09-26T17:13:41+00:00,2,0,,0,3EB0CBA1E347BC538F4C2F,false,Mayara,,,
ps_d8481ed140,2026-09-26T18:08:49+00:00,2026-09-26T18:18:40+00:00,ESTÉTICA TANNURI - Niterói RJ,+5521****3253,https://wa.me/5521970383253,enviado,resposta automática recebida; aguardando humano,agent-reach/Exa+Viralist+GuiaPJ,https://viralist.ai/instagram/creators/esteticatannuricentro,https://hlreboques-oss.github.io/projeto-sites-demos/estetica-tannuri-niteroi-rj/,WhatsApp explícito,Centro/Itaipu - Niterói/RJ,"presença pública forte no Instagram e em cadastro de CNPJ, mas não apareceu site profissional próprio claro para centralizar serviços, localização, dúvidas e WhatsApp",não apareceu site profissional próprio claro nos resultados verificados; presença pública em Instagram/Viralist e GuiaPJ,resposta_automatica_aguardando,1,2026-09-26T18:10:12+00:00,2026-09-26T18:18:40+00:00,1,0,,0,3EB09D60A64C5201339D42,false,Mayara,,,
ps_bbe843d3ef,2026-09-26T18:08:49+00:00,2026-09-26T18:18:42+00:00,Sobrancelhas Design Niteroi,+5521****4899,https://wa.me/5521997994899,qualificando,respondeu ao opener (humano genuino); pergunta de curiosidade enviada,agent-reach/Exa+Viralist,https://viralist.ai/instagram/creators/sdniteroiicarai,https://hlreboques-oss.github.io/projeto-sites-demos/sobrancelhas-design-niteroi/,WhatsApp explícito,"Center Icaraí, loja 230 - Niterói/RJ","unidade aparece principalmente no Instagram e na rede/franquia; uma página local própria ajudaria a destacar endereço, agenda e contato do Center Icaraí","há site institucional da marca Sobrancelhas Design, mas não apareceu página local própria clara para esta unidade nos resultados verificados",pergunta_curiosidade_enviada,3,2026-09-26T18:18:42+00:00,2026-09-26T18:18:42+00:00,2,0,,0,3EB01C801878A3275A4AA6,false,Mayara,,,
ps_fb5a31e51d,2026-09-26T18:08:49+00:00,2026-09-26T18:18:45+00:00,Glam Campo Grande,+5521****5449,https://wa.me/5521994305449,qualificando,respondeu ao opener (humano genuino); pergunta de curiosidade enviada,agent-reach/Exa+Viralist,https://viralist.ai/instagram/creators/glamcampogrande,https://hlreboques-oss.github.io/projeto-sites-demos/glam-campo-grande/,WhatsApp explícito,"Rua Viúva Dantas 60, sala 215 - Campo Grande/RJ","presença pública concentrada no Instagram; não apareceu site profissional próprio claro para organizar serviços, localização, agenda e WhatsApp",não apareceu site profissional próprio claro nos resultados verificados; busca trouxe apenas Instagram/Viralist e homônimos não relacionados,pergunta_curiosidade_enviada,3,2026-09-26T18:18:45+00:00,2026-09-26T18:18:45+00:00,2,0,,0,3EB0FC75BA93048CC877E0,false,Mayara,,,
ps_14f45e40a9,2026-09-26T19:05:51+00:00,2026-09-26T19:07:33+00:00,Gysele Salgado Estética Avançada,+5521****0979,https://wa.me/5521980700979,qualificando,respondeu ao opener (humano genuino); pergunta de curiosidade enviada,agent-reach/Exa+Viralist+Jina,https://viralist.ai/instagram/creators/dra_gysele_salgado,https://hlreboques-oss.github.io/projeto-sites-demos/gysele-salgado-estetica-avancada/,WhatsApp explícito,Niterói e São Gonçalo/RJ,"presença pública aparece em Instagram/Viralist e diretório; não apareceu site profissional próprio claro centralizando região, cuidados, dúvidas e CTA para agendamento",não apareceu site profissional próprio claro nos resultados verificados; resultados homônimos não correspondem ao mesmo negócio,pergunta_curiosidade_enviada,3,2026-09-26T19:07:33+00:00,2026-09-26T19:07:33+00:00,2,0,,0,3EB034C2A4784FB41D1594,false,Mayara,,,
ps_0e6af9266b,2026-09-26T19:05:54+00:00,2026-09-26T20:00:53+00:00,Olivia Rodrigues Beauty,+5521****4789,https://wa.me/5521986084789,qualificando,resposta recebida sem intenção comercial clara; aguardando revisão/novo contexto,agent-reach/Exa+Viralist+Jina,https://viralist.ai/instagram/creators/oliviarodriiguespmu,https://hlreboques-oss.github.io/projeto-sites-demos/olivia-rodrigues-beauty-campo-grande/,WhatsApp explícito,Campo Grande/RJ,"presença concentrada no Instagram; página própria ajudaria a organizar serviços de beleza, localização, dúvidas e botão direto de agenda",não apareceu site profissional próprio claro nos resultados verificados; busca trouxe Instagram/Viralist e homônimos não relacionados,resposta_monitorada_sem_envio,3,2026-09-26T19:43:36+00:00,2026-09-26T20:00:53+00:00,2,0,,0,3EB0AC86705152277E4FCE,false,Mayara,,,
ps_b49bcd89d2,2026-09-26T19:05:58+00:00,2026-09-26T19:44:37+00:00,Espaço Wellness Spa Urbano,+5521****3224,https://wa.me/5521971863224,nao_converteu,"correção: resposta ""não temos interesse"" classificada como negativa; sem novos envios",agent-reach/Exa+Viralist+Jina,https://viralist.ai/instagram/creators/espaco.wellness,https://hlreboques-oss.github.io/projeto-sites-demos/espaco-wellness-spa-urbano-icarai/,WhatsApp explícito,"Icaraí, Niterói/RJ","presença forte em Instagram/Fresha, mas não apareceu site próprio claro centralizando experiência, localização, serviços e WhatsApp","não apareceu site profissional próprio claro; há Instagram/Viralist, Fresha e uma página Gamma pontual de campanha",negativo_corrigido_sem_novo_envio,4,2026-09-26T19:43:39+00:00,2026-09-26T19:43:39+00:00,3,0,,0,3EB0A2174B012793F0C4DD,false,Mayara,"Correção: resposta ""Eu agradeço mas no momento não temos interesse"" é negativa. Demo foi enviada indevidamente por classificação anterior; sequência encerrada e script corrigido.",,
ps_7614c1afe1,2026-09-26T20:05:24+00:00,2026-09-26T20:35:32+00:00,Abreu Estética,+5521****4480,https://wa.me/5521992144480,enviado,resposta automática recebida; aguardando humano,agent-reach/Exa+Viralist+Jina,https://viralist.ai/instagram/creators/abreu.estetica,https://hlreboques-oss.github.io/projeto-sites-demos/abreu-estetica-estacio/,WhatsApp explícito,"Rua Haddock Lobo, 409 - Estácio, Rio de Janeiro/RJ","presença pública distribuída em Instagram e cadastros, mas não apareceu site próprio claro para organizar procedimentos, localização, perguntas e agendamento",não apareceu site profissional próprio claro nos resultados verificados; há Instagram/Viralist e cadastros/diretórios,resposta_automatica_aguardando,1,2026-09-26T20:05:24+00:00,2026-09-26T20:35:32+00:00,1,0,,0,3EB0B790607A3ABBB5BA5C,false,Mayara,,,
ps_4b1ce96842,2026-09-26T20:05:24+00:00,2026-09-26T20:05:43+00:00,Jaqueline Lima Estética,+5521****7427,https://wa.me/5521993667427,qualificando,respondeu ao opener (humano genuino); pergunta de curiosidade enviada,agent-reach/Exa+Viralist+Jina,https://viralist.ai/instagram/creators/jaque_limaestetica,https://hlreboques-oss.github.io/projeto-sites-demos/jaqueline-lima-estetica-madureira/,WhatsApp explícito,Madureira - Rio de Janeiro/RJ,"presença concentrada no Instagram com link de agendamento, mas não apareceu site profissional próprio claro para apresentar protocolos, localização e WhatsApp",não apareceu site profissional próprio claro vinculado; resultados com nomes semelhantes eram de SP e não do mesmo negócio,pergunta_curiosidade_enviada,3,2026-09-26T20:05:43+00:00,2026-09-26T20:05:43+00:00,2,0,,0,3EB028D45ACB4C9B259944,false,Mayara,,,
ps_36a40ee9e5,2026-09-26T20:05:24+00:00,2026-09-26T20:05:24+00:00,Estética Dental Niterói,+5521****3093,https://wa.me/5521977453093,desativado,falha no envio/readback do Estágio 1,agent-reach/Exa+Viralist+Jina,https://viralist.ai/instagram/creators/esteticadental.niteroi,https://hlreboques-oss.github.io/projeto-sites-demos/estetica-dental-niteroi/,WhatsApp explícito,"R. da Conceição, 144 - Centro, Niterói/RJ","presença forte em Instagram e diretórios odontológicos, mas não apareceu site profissional próprio claro centralizando tratamentos, endereço, dúvidas e WhatsApp","não apareceu site profissional próprio claro nos resultados verificados; há Instagram/Viralist, DentMap e GuiaPJ",falha_envio_readback,,,,0,0,,0,,false,Mayara,<HTTPError 400: 'Bad Request'>,,
ps_18b91eb011,2026-09-26T20:07:42+00:00,2026-09-26T20:07:42+00:00,Rio Arte Leblon,+5521****5619,https://wa.me/5521967635619,enviado,primeira abordagem enviada,agent-reach/Exa+Viralist,https://viralist.ai/instagram/creators/rioarteleblon,https://hlreboques-oss.github.io/projeto-sites-demos/rio-arte-leblon-dermatologia-estetica/,WhatsApp explícito,Leblon - Rio de Janeiro/RJ,"presença concentrada em Instagram/Linktree e WhatsApp, mas não apareceu site profissional próprio claro para centralizar protocolos, localização, dúvidas e agendamento",não apareceu site profissional próprio claro nos resultados verificados; há Instagram/Viralist e Linktree,primeira_mensagem_enviada_verificada,1,2026-09-26T20:07:42+00:00,,1,0,,0,3EB0E20AB3C0E102C59610,false,Mayara,,,
ps_d89fad1919,2026-09-26T21:06:37+00:00,2026-09-26T21:06:37+00:00,ESTETIC DOCTOR NITERÓI | Estética Regenerativa,+5521966249770,https://wa.me/5521966249770,enviado,primeira abordagem enviada,agent-reach/Exa+Jina+Viralist,https://viralist.ai/instagram/creators/esteticdoctorniteroi,https://hlreboques-oss.github.io/projeto-sites-demos/estetic-doctor-niteroi/,WhatsApp explícito,Niterói/RJ,"presença pública concentrada em Instagram/Linktree; não apareceu site profissional próprio claro centralizando serviços, dúvidas e CTA.","não apareceu site profissional próprio claro nos resultados verificados; há Instagram/Viralist, Linktree e WhatsApp.",primeira_mensagem_enviada_verificada,1,2026-09-26T21:06:37+00:00,,1,0,,0,3EB0CE0E2A34A492B44E90,false,Mayara,"Viralist mostra 79 posts, 1,9K seguidores, perfil @esteticdoctorniteroi com “Regeneração Facial | Fisioterapia | Íntima” e link WhatsApp 5521966249770.",,
ps_a5ab28130f,2026-09-26T21:06:41+00:00,2026-09-26T21:06:41+00:00,Impérium Estética,+5521986144170,https://wa.me/5521986144170,enviado,primeira abordagem enviada,agent-reach/Exa+Jina+Viralist,https://viralist.ai/instagram/creators/imperiumestetica.niteroi,https://hlreboques-oss.github.io/projeto-sites-demos/imperium-estetica-niteroi/,WhatsApp explícito,Niterói/RJ,"perfil tem WhatsApp e presença social, mas não apareceu site próprio claro para explicar procedimentos, localização e próximos passos.",não apareceu site profissional próprio claro nos resultados verificados; presença principal em Instagram/Viralist e WhatsApp.,primeira_mensagem_enviada_verificada,1,2026-09-26T21:06:41+00:00,,1,0,,0,3EB0CE30485016FFC0D5D0,false,Mayara,"Viralist mostra @imperiumestetica.niteroi, 62 posts, 4,7K seguidores e link “Whatsapp” para 5521986144170.",,
ps_e4bbc4b7c0,2026-09-26T21:06:44+00:00,2026-09-26T21:08:44+00:00,Aura Estética Integrativa,+5521997354170,https://wa.me/5521997354170,enviado,resposta automática recebida; aguardando humano,agent-reach/Exa+Jina+Viralist,https://viralist.ai/instagram/creators/auraaestet,https://hlreboques-oss.github.io/projeto-sites-demos/aura-estetica-integrativa-icarai/,WhatsApp explícito,"Shopping Icaraí, Niterói/RJ","presença pública em Instagram/Linktree e WhatsApp, mas não apareceu página própria clara para centralizar proposta, localização e dúvidas.","não apareceu site profissional próprio claro vinculado; resultados mostram Instagram/Viralist, Linktree e homônimos não relacionados.",resposta_automatica_aguardando,1,2026-09-26T21:06:44+00:00,2026-09-26T21:08:44+00:00,1,0,,0,3EB059FE627B3F821AD539,false,Mayara,"Viralist mostra @auraaestet, 276 posts, 1,2K seguidores, “Um novo olhar sobre a beleza em Niterói”, Shopping Icaraí sala 1218 e WhatsApp da clínica 5521997354170.",,
ps_edd70237ca,2026-09-27T11:07:23+00:00,2026-09-27T11:18:52+00:00,GoLaser - Freguesia/RJ,+5521****0856,https://wa.me/5521968820856,enviado,resposta automática recebida; aguardando humano,agent-reach/Exa+Viralist+Jina,https://viralist.ai/instagram/creators/golaser.rjfreguesia,https://hlreboques-oss.github.io/projeto-sites-demos/golaser-freguesia-rj/,WhatsApp explícito,"Rua Comandante Rubens Silva, 292 loja F - Freguesia, Rio de Janeiro/RJ","presença concentrada em Instagram/WhatsApp; não apareceu site próprio claro centralizando protocolos, localização, dúvidas e chamada para avaliação.",não apareceu site profissional próprio claro nos resultados verificados; fonte pública principal é Instagram/Viralist com WhatsApp.,resposta_automatica_aguardando,1,2026-09-27T11:07:23+00:00,2026-09-27T11:18:52+00:00,1,0,,0,3EB08EA0FF9BC499F1C850,false,Mayara,"Viralist mostra @golaser.rjfreguesia com 263 posts, 1,9K seguidores, depilação/estética avançada, endereço na Rua Comandante Rubens Silva 292 loja F e link WhatsApp com phoneNumber 21968820856; Evolution confirmou WhatsApp existente.",,
ps_f2264238c7,2026-09-27T11:07:26+00:00,2026-09-27T11:07:26+00:00,Clínica Bruna Faccin | Barra da Tijuca,+5521****9072,https://wa.me/5521965759072,enviado,primeira abordagem enviada,agent-reach/Exa+Viralist+Jina,https://viralist.ai/instagram/creators/brunafaccin,https://hlreboques-oss.github.io/projeto-sites-demos/clinica-bruna-faccin-barra/,WhatsApp explícito,"Shopping Vogue Square - Barra da Tijuca, Rio de Janeiro/RJ","presença forte em Instagram/Linktree/WhatsApp, mas não apareceu site profissional próprio claro para explicar dermopigmentação, localização, dúvidas e próximo passo.","não apareceu site próprio claro; resultados verificados mostram Instagram/Viralist, Linktree e WhatsApp.",primeira_mensagem_enviada_verificada,1,2026-09-27T11:07:26+00:00,,1,0,,0,3EB0AA051A400AD0A44063,false,Mayara,"Viralist mostra @brunafaccin com 465 posts, 7,8K seguidores, clínica de dermopigmentação avançada & medicina estética, Shopping Vogue Square e wa.me/5521965759072; Evolution confirmou WhatsApp existente.",,
ps_a0f7e73643,2026-09-27T11:07:29+00:00,2026-09-27T11:07:29+00:00,Spa das Sobrancelhas Shopping Tijuca,+5521****2277,https://wa.me/5521972352277,enviado,primeira abordagem enviada,agent-reach/Exa+Viralist+Jina,https://viralist.ai/instagram/creators/spadassobrancelhasshoptijuca,https://hlreboques-oss.github.io/projeto-sites-demos/spa-sobrancelhas-shopping-tijuca/,WhatsApp explícito,"Av. Maracanã, 987 - Shopping Tijuca, Torre 2 sala 703 - Tijuca, Rio de Janeiro/RJ","unidade local tem presença forte no Instagram/WhatsApp, mas uma página local própria ajudaria a organizar endereço, diferenciais, dúvidas e agenda.","há marca/franquia, mas não apareceu página local própria clara para a unidade Shopping Tijuca nos resultados verificados.",primeira_mensagem_enviada_verificada,1,2026-09-27T11:07:29+00:00,,1,0,,0,3EB0BAB77743B133848388,false,Mayara,"Viralist mostra @spadassobrancelhasshoptijuca com 3,4K posts, 20,2K seguidores, desde 2012 no Shopping Tijuca, telefone/WhatsApp (21) 97235-2277 e api.whatsapp.com/send?phone=5521972352277; página WhatsApp exibe Spa das Sobrancelhas Shopping Tijuca.",,
